﻿{"cameraMode":{"drawMode":0,"name":"Shaded","section":"Shading Mode"},"sceneLighting":true,"audioPlay":false,"sceneViewState":{"showFog":true,"showMaterialUpdate":false,"showSkybox":true,"showFlares":true,"showImageEffects":true,"showParticleSystems":true},"in2DMode":false,"pivot":{"x":-24.483661651611329,"y":20.66755485534668,"z":34.756492614746097},"rotation":{"x":0.1193130761384964,"y":0.45100995898246767,"z":-0.06098216027021408,"w":0.8824045658111572},"size":8.491578102111817,"orthographic":false}